"Chr","Start","End","Conc","Conc_Resistant","Conc_Responsive","Fold","p-value","FDR"
"chr18",74369250,74369650,8.38199927663735,4.49765047587048,8.99810608388373,-5.28232618951803,2.03175774832132e-37,5.66657236006815e-34
"chr18",76822817,76823217,9.58302618150656,7.2470439373034,10.1272650243246,-2.83546505919404,2.60627720789044e-34,3.63445356640322e-31
"chr18",41456676,41457076,10.399698277065,8.36122979407522,10.9180624789286,-4.01413487223905,4.40897900504891e-31,4.09888081502714e-28
"chr18",42939544,42939944,9.3697203350447,9.64690329295818,9.18358381477184,-4.04273662349967,2.24083681140517e-29,1.56242346675226e-26
"chr18",33679307,33679707,10.396908077429,8.21413203712078,10.9285471007209,-2.99982979656754,9.60856915041412e-26,5.35965987210099e-23
"chr18",64490736,64491136,7.40231458215478,2.76930685108593,8.0330917743231,-5.10119747325902,1.55129268006436e-24,7.21092547449915e-22
"chr18",74755302,74755702,7.40249847540291,3.83945321280158,8.00949074480189,-5.1766191570493,2.34058220049829e-24,9.32554822455676e-22
"chr18",60921935,60922335,6.98348519570669,4.35655778136564,7.54803003497011,-5.79430060298014,1.83487911662277e-23,6.39684732032615e-21
"chr18",41369550,41369950,8.23839805262695,5.01427547847418,8.8332116717264,-4.26653085735756,5.31563875124469e-23,1.64725738635794e-20
"chr18",32345350,32345750,7.14183284358842,4.26671974693736,7.72056994483967,-4.42037266222805,8.42418640346765e-22,2.34950558792713e-19
"chr18",41646537,41646937,8.349118585176,7.06917620333344,8.76715462395389,-3.17713438771367,9.6422219063602e-21,2.44474153607624e-18
"chr18",41362586,41362986,7.09679891406908,4.93937321177178,7.62620959508442,-4.74890001717731,3.33846139234106e-20,7.75914068603269e-18
"chr18",26861047,26861447,8.35407496236606,4.06350319636911,8.97909229906687,-3.21525327032062,4.3134369117382e-19,9.25398118987526e-17
"chr18",64785575,64785975,6.51676003375291,3.95758824438896,7.07695906513377,-5.11119289998835,1.38024471467455e-18,2.74964464944809e-16
"chr18",13425795,13426195,9.07656279579435,7.28535986168471,9.56849296170933,-2.55557207793823,1.16028877138183e-17,2.15736358892262e-15
"chr18",64538391,64538791,9.20612418434212,7.33058524135052,9.70763969886928,-2.38199696836937,1.95904390274726e-17,3.41485840297631e-15
"chr18",2385408,2385808,8.47709794022115,6.90898394440248,8.94042206208574,-2.09083245980184,2.58062064340388e-17,4.23373586732555e-15
"chr18",3623986,3624386,6.97860459819906,2.73060318590547,7.60280370409445,-4.73541482908261,3.09815779178833e-17,4.80042337849869e-15
"chr18",3722507,3722907,6.98723649280577,4.52131491353104,7.54108727603865,-5.12972961385691,1.38661248821067e-16,2.03540117348398e-14
"chr18",8791333,8791733,6.27450022226752,3.74329234376062,6.83284131623728,-4.82342598032813,1.91627457087766e-16,2.67224488908889e-14
"chr18",13616730,13617130,7.86808430177428,5.56839924262053,8.40946748504649,-3.15612347006716,3.43737911621713e-16,4.56516683577599e-14
"chr18",54909549,54909949,8.83785025168864,8.58130618482895,8.96626376557453,-2.0292986897111,4.45001823272403e-16,5.64140947775787e-14
"chr18",42591129,42591529,8.10810665451199,7.93853524420981,8.19674701153471,-3.14944353169524,4.7011511917508e-16,5.70065681469261e-14
"chr18",64741644,64742044,6.3911495278306,4.13361147121693,6.92911799227745,-5.57934210219429,9.24181940091937e-16,1.03719104754845e-13
"chr18",55569137,55569537,6.57080235526798,3.23240096021215,7.17005775891603,-4.58270097577125,9.29715890595599e-16,1.03719104754845e-13
"chr18",43779586,43779986,7.37531329774038,5.92527481753007,7.82133555446668,-3.05754974583752,1.78737422459364e-15,1.91730258168911e-13
"chr18",3710721,3711121,6.58781810319968,6.06629027740768,6.81845419275295,-3.66187327222041,9.77640374798478e-15,1.00986629826406e-12
"chr18",28958784,28959184,6.02721136423327,2.27716605026452,6.63976035125908,-4.58002408121116,1.07211389118117e-14,1.0679020151801e-12
"chr18",2264478,2264878,6.04897368904162,3.48223814747475,6.60966869845796,-5.44236059506636,1.76167561186521e-14,1.6942459591352e-12
"chr18",51762255,51762655,6.18057863940801,4.42772086191018,6.667939472463,-3.84674639851052,1.18553820892746e-13,1.10215535489957e-11
"chr18",60103799,60104199,8.39779117064811,6.7698698729994,8.86928096429122,-4.28247447909492,2.49385378341038e-13,2.24366393610695e-11
"chr18",19560720,19561120,7.48945812633922,6.11137298555231,7.924108632819,-2.21445561784417,3.3819589113313e-13,2.94758856365718e-11
"chr18",64421487,64421887,5.92454318098069,2.86773910423892,6.51215564267638,-4.24624351280741,6.82301339820503e-13,5.76648011139207e-11
"chr18",19629174,19629574,6.29843768098239,3.67621054002325,6.86268800473427,-3.22480109718023,2.00550022113562e-12,1.64510003433742e-10
"chr18",10694990,10695390,6.61279762394119,5.43157331716978,7.01272517366205,-2.8739329836928,2.11280605631313e-12,1.68360459744495e-10
"chr18",21572436,21572836,7.8064269640096,8.42541390969493,7.27908242992528,2.47731799032298,2.29459955911784e-12,1.77767726954991e-10
"chr18",46523318,46523718,8.42164778263704,7.64309256795303,8.73002510445836,-1.83357871595773,3.19688829276595e-12,2.4097625536552e-10
"chr18",65027272,65027672,6.09487602527192,3.26476667930096,6.67122724672334,-5.68296020028955,4.87596266259779e-12,3.57869996473296e-10
"chr18",8957909,8958309,6.17908266030259,7.40500976317136,4.08873746341239,3.16666225706451,5.38063035547643e-12,3.8478405285702e-10
"chr18",18984321,18984721,8.57168778683016,7.93641318816453,8.83896279468242,-1.84386767298976,5.83430846076075e-12,4.06797157426543e-10
"chr18",26238023,26238423,5.8167920252719,3.63171296399119,6.34863138629086,-3.4310504843891,6.23793121014719e-12,4.24331466953671e-10
"chr18",43693716,43694116,10.1358259583963,9.7012891627868,10.3357158574373,-1.69735978343759,6.74089429938369e-12,4.47627480975741e-10
"chr18",3878391,3878791,5.37364626256461,1.55483025163113,5.98805949508535,-4.54524619454246,8.06862301729978e-12,5.23334641749979e-10
"chr18",2382398,2382798,5.59721105484034,2.20558524328526,6.19841379259781,-3.77926268146988,8.85216149343181e-12,5.61106327390484e-10
"chr18",9757743,9758143,9.69465414860126,7.93108526292098,10.1833050656354,-1.58061215140724,1.29515690545946e-11,8.02709468739205e-10
"chr18",51183661,51184061,9.78436396429835,7.7460831777864,10.3027099370405,-5.07786597544194,1.43929215751905e-11,8.7264909289579e-10
"chr18",11005552,11005952,6.99148758831316,6.2690328646118,7.28439359514905,-2.46481591875724,1.47175077390294e-11,8.73343172003257e-10
"chr18",8730302,8730702,6.94688601193706,8.17169929597475,4.86286426645897,2.73656019413357,1.96327269187911e-11,1.14074323701059e-09
"chr18",3667420,3667820,5.42545986140826,2.32020008097417,6.01524816696051,-4.92847416146649,2.96063065110677e-11,1.66531949800368e-09
"chr18",55413233,55413633,6.26314900713862,5.77586768061121,6.48197931416584,-3.68404585589952,2.98551362137627e-11,1.66531949800368e-09
"chr18",10116806,10117206,6.49929978225153,5.05028542235341,6.94516474227991,-2.79706946765682,4.16130086314187e-11,2.2756604131966e-09
"chr18",55248620,55249020,5.95070117509442,5.07252959580676,6.28474208505299,-3.21604295363986,4.3383935514992e-11,2.32688069521755e-09
"chr18",39409636,39410036,6.01448615488438,7.22645743463518,4.00110368291712,3.24182500559268,6.35639936992267e-11,3.34490525334232e-09
"chr18",72209217,72209617,6.71584212944681,5.50774282001681,7.12084581529976,-2.67561503692698,6.778762882377e-11,3.50110549610175e-09
"chr18",47901006,47901406,7.12106166619106,5.40318745522388,7.60413331547528,-2.61637951825433,7.94332629983839e-11,4.02798855459078e-09
"chr18",37200151,37200551,6.58196329715894,4.18116560656121,7.13111290326033,-3.26822208813244,1.01562361627474e-10,5.05816833176829e-09
"chr18",21734651,21735051,7.12438245581564,3.57306722410397,7.73100080603004,-3.42691314011456,1.0527666627935e-10,5.13668946386435e-09
"chr18",18831409,18831809,5.64210235733612,0.721769657987314,6.2767491523569,-5.22049801051458,1.06822513052754e-10,5.13668946386435e-09
"chr18",46423013,46423413,5.77471001823282,2.08652366252095,6.38550229084992,-4.39960886693438,1.09367109006139e-10,5.16991300030713e-09
"chr18",60646415,60646815,6.17724253480426,3.9847311565381,6.7097260607566,-2.9050500835321,1.34437489776521e-10,6.24910264977861e-09
"chr18",59466259,59466659,8.41339405023798,7.463339672779,8.76462630945251,-2.22368710914184,1.59734072949652e-10,7.20671114826393e-09
"chr18",64541160,64541560,8.18043810958221,6.51632794922581,8.65668562770364,-2.50736982577087,1.60206558333583e-10,7.20671114826393e-09
"chr18",9987864,9988264,6.86848371780203,6.77925415062834,6.91709887682409,-3.18734389165138,1.78568697372871e-10,7.9052078884593e-09
"chr18",65053280,65053680,5.48021506115124,4.00264492992593,5.93041808805878,-4.40450417196418,3.15731381248964e-10,1.35885448962763e-08
"chr18",8732623,8733023,5.85699272442401,7.28960095049347,0.746547659654168,7.40752284303749,3.16692512821069e-10,1.35885448962763e-08
"chr18",20616852,20617252,5.96656387505825,7.08561480750103,4.36824952762327,2.83060279497328,4.6051796766032e-10,1.93532820642774e-08
"chr18",32175778,32176178,7.09085287125556,6.31149213622817,7.39944680648045,-2.48979445147268,4.64922874975471e-10,1.93532820642774e-08
"chr18",2302882,2303282,6.86991307532819,6.82059736773204,6.89735462912412,-2.45847824743262,5.5815205929535e-10,2.28924425496284e-08
"chr18",76382163,76382563,6.49216476050305,5.59318841562972,6.83129100055175,-2.51041664881987,7.03754732458285e-10,2.84459702728429e-08
"chr18",7834367,7834767,6.76040243656223,7.44362303752644,6.14748726793718,2.48841076297745,7.38722435821803e-10,2.94328124786715e-08
"chr18",55395417,55395817,7.92978711534344,8.6765811089585,7.22265683029989,1.91154309629712,1.00778031857541e-09,3.95873142043216e-08
"chr18",55396365,55396765,6.18416327234824,4.36117262370293,6.67977980885958,-3.54651378334514,1.82534379059165e-09,7.07067198883348e-08
"chr18",64488772,64489172,5.285041936544,0.428156257200902,5.91890012362593,-4.74540915871861,1.89447243243629e-09,7.23792275899288e-08
"chr18",2461349,2461749,7.06693178691071,8.09597203587671,5.76411336416158,2.21724418252923,1.96432132180643e-09,7.34925646253664e-08
"chr18",9764017,9764417,6.52500571215451,7.52339382689329,5.30690286774385,2.64948121044602,1.97631493255736e-09,7.34925646253664e-08
"chr18",3395420,3395820,6.04792338882057,5.1984893505834,6.37478781732608,-2.81433272321182,2.21502875309479e-09,8.12857262155445e-08
"chr18",71604782,71605182,5.94950618798497,4.8286820933132,6.33760527573369,-3.48417584807562,2.73387508600417e-09,9.90230859073459e-08
"chr18",32211583,32211983,7.02444742945363,5.1070600090069,7.53049308050662,-2.30641432526023,3.38625897208943e-09,1.2108046504048e-07
"chr18",55379584,55379984,7.19332644817257,7.24371150308662,7.1637247004048,-2.18576521095227,3.4819943288182e-09,1.22927622570556e-07
"chr18",29792681,29793081,5.39761166845326,6.53489803734694,3.72862856285605,5.03751176909624,3.76203814234358e-09,1.31154054737453e-07
"chr18",9785248,9785648,6.17640081591288,1.09139641373051,6.81293791249848,-6.88880009550403,4.34932207326121e-09,1.49756287189204e-07
"chr18",3446516,3446916,5.19903400599027,1.1575639765951,5.81889421564926,-4.62912056103115,4.50124745166862e-09,1.53097306618339e-07
"chr18",20853533,20853933,7.25418376386335,4.70256549311903,7.8138847148454,-6.57059381959362,5.42017499853909e-09,1.80692159965037e-07
"chr18",33021825,33022225,4.8112094551174,1.40024481219877,5.41310151104624,-4.09129412511163,5.44214465294482e-09,1.80692159965037e-07
"chr18",36518657,36519057,6.93966310202356,4.02776627741732,7.52029296316415,-2.80775181018764,6.72471987049235e-09,2.20649926103567e-07
"chr18",10379311,10379711,4.9875953779498,3.1821148105025,5.48119251651551,-3.77562538999314,8.4307806538683e-09,2.73412177251613e-07
"chr18",53404982,53405382,6.34544661988054,4.68921934653077,6.82066924937227,-3.3759055574485,8.577363518716e-09,2.74968584525275e-07
"chr18",57647648,57648048,5.69960240843152,5.2813497254022,5.89345133536346,-3.41972675643055,9.27293891178507e-09,2.93888938920097e-07
"chr18",48121345,48121745,5.21191622174191,6.43168347127813,3.15614022773208,3.95516237365289,1.11208894400611e-08,3.48496187059891e-07
"chr18",21574341,21574741,6.19436738047907,7.1843415345094,4.99837483938826,2.73565533006086,1.42225586085385e-08,4.40741288435708e-07
"chr18",43006813,43007213,8.17764786907404,7.74398391275242,8.37721633210056,1.6330563324011,1.7124707416809e-08,5.24844054785498e-07
"chr18",52631940,52632340,7.11448936827755,6.63278583614935,7.33136083836939,2.45024080973497,1.99090944167506e-08,6.03548525307798e-07
"chr18",70856950,70857350,8.93824912860974,8.051916005675,9.27429585942005,-1.85292225256914,2.07832152215618e-08,6.23272981214363e-07
"chr18",63304151,63304551,5.93437948551586,3.81394862967091,6.46046076601902,-6.46203454754468,2.29620305598681e-08,6.81288332249703e-07
"chr18",22510732,22511132,5.56729290106301,6.24972812538098,4.95547909850351,3.03738868517055,2.53070386206793e-08,7.42961375927102e-07
"chr18",65030123,65030523,5.94458879007055,1.46104730311668,6.57302179753049,-6.35682332194974,3.15639883186001e-08,9.1699961896433e-07
"chr18",43382602,43383002,10.792953921164,10.2194080708169,11.0408201963344,-1.41327901437153,3.19767305550971e-08,9.19413417713048e-07
"chr18",74102632,74103032,4.82974670162966,2.2678676024082,5.39012357795966,-3.58702444353431,3.32400149692381e-08,9.45983691318418e-07
"chr18",21811759,21812159,6.18761220581636,6.92854129097914,5.48961548079987,2.32359012342037,4.08425332576033e-08,1.15060429550965e-06
"chr18",67899417,67899817,4.79236747328484,1.69665509384436,5.38173308273253,-3.85595743322301,4.46655664307536e-08,1.24572264775372e-06
"chr18",11042365,11042765,6.30460458499676,3.83076353904977,6.85901170867278,-3.14117590032514,4.85262521461726e-08,1.32821109741727e-06
"chr18",64225038,64225438,4.96116360767058,2.61083672022516,5.50650982565359,-6.36320525777295,4.85756658073008e-08,1.32821109741727e-06
"chr18",53173240,53173640,5.7490063299887,5.1512743334856,6.00460757979415,-2.87200232121671,5.96141016176761e-08,1.61421096516212e-06
"chr18",34597763,34598163,6.2477691449254,1.17212258756847,6.88420456825337,-4.42882996328249,6.07007794616707e-08,1.62783147998653e-06
"chr18",32306305,32306705,6.2617915657035,4.98830195689777,6.67868811845373,-2.29319060234283,6.41667303939143e-08,1.7042335314224e-06
"chr18",29793623,29794023,4.81265851729758,6.07556414028282,2.49161319525142,6.27508243224568,6.47718731913855e-08,1.7042335314224e-06
"chr18",43128598,43128998,5.85430091551069,4.83843903728819,6.2203722981636,-2.32385504274693,7.27239377347039e-08,1.89558002188868e-06
"chr18",346831,347231,4.65052574595571,0.710275274244788,5.26801618159024,-4.62892509510008,7.5658690281903e-08,1.95381562218729e-06
"chr18",64266423,64266823,4.78733930717892,1.55618569386698,5.38243689240228,-4.12883912350338,7.94005269962255e-08,2.03163366782085e-06
"chr18",71172041,71172441,7.21128287820977,6.71438116921447,7.43346778942047,-2.53215017435659,8.05331291928888e-08,2.04188088471788e-06
"chr18",42922065,42922465,4.98319590729598,2.05131304733335,5.56483311046826,-3.57272146223278,8.52519258506543e-08,2.14205064141869e-06
"chr18",32401793,32402193,7.00413791196524,7.85364822177036,6.11991054652098,1.84118821874727,8.76257709871975e-08,2.18203817217227e-06
"chr18",26583727,26584127,5.34044096942674,3.71895969961668,5.81106984219025,-6.21066758642058,8.98347641668605e-08,2.21724917930419e-06
"chr18",57625227,57625627,6.53394677412108,6.89215490625875,6.28060809338718,-2.66596566087845,9.71460509678926e-08,2.37666961534607e-06
"chr18",65078346,65078746,5.27070357392444,4.71903337747171,5.51142447249735,-4.96040091572633,1.20419939710692e-07,2.9204453204619e-06
"chr18",1075489,1075889,4.50487443603042,1.99556005662143,5.06173385594076,-6.10889691599167,1.2981888325481e-07,3.12124883963505e-06
"chr18",67420084,67420484,8.1277994608401,7.27634148911196,8.45517518901114,-1.83619569455676,1.30958524611139e-07,3.12173782171339e-06
"chr18",9348411,9348811,9.1814388050716,9.73870426683607,8.72856145692271,1.13715342408948,1.43302516798637e-07,3.38703999450339e-06
"chr18",43308006,43308406,4.55500744713123,0.9366104306369,5.16372246946905,-4.43023278959629,1.60207467669514e-07,3.73323723937647e-06
"chr18",21032897,21033297,6.46972630218996,5.21836099209964,6.88267006588331,-2.03812340554741,1.60626916000422e-07,3.73323723937647e-06
"chr18",42321024,42321424,5.77498977985037,4.85609860798638,6.11889921724538,-3.95685537490835,1.71617870985687e-07,3.95572100974448e-06
"chr18",9717592,9717992,5.33210721967042,2.39544718541246,5.91398304092698,-4.90609807314975,1.77746533580427e-07,4.03877114629231e-06
"chr18",19620512,19620912,5.19899672653257,4.24499621409415,5.55114241784278,-3.04755496279852,1.78117192898514e-07,4.03877114629231e-06
"chr18",39407799,39408199,5.64265001863318,6.76323547786283,4.0385541010968,2.73185853045867,1.9949703180693e-07,4.47799661047602e-06
"chr18",9639033,9639433,5.29374886769825,6.34071136902035,3.93809286946447,3.52125017067616,2.00699023416817e-07,4.47799661047602e-06
"chr18",9870130,9870530,4.44295817720526,0,5.0800678702535,-6.00747303493975,2.03265828137016e-07,4.49398557753558e-06
"chr18",28030871,28031271,6.94447826411902,5.95121344999317,7.30554735586963,-5.96089871105094,2.04638281945865e-07,4.49398557753558e-06
"chr18",24500507,24500907,8.59580862893427,8.19583997710052,8.7827620624347,1.69849020452038,2.13147624245011e-07,4.61170278492061e-06
"chr18",3646156,3646556,5.32024566355875,0,5.96337627700796,-5.27375050199073,2.13305722213969e-07,4.61170278492061e-06
"chr18",7646080,7646480,6.00609229993449,7.13406534381859,4.37374544173029,2.53971111856953,2.17487721603385e-07,4.66594811962955e-06
"chr18",46519212,46519612,4.32022210921911,1.71708804004878,4.88326553358527,-3.45328137967861,2.22609525812671e-07,4.73937379764534e-06
"chr18",72641057,72641457,5.57769862077034,0,6.22263678470496,-5.79251640142065,2.27834221271503e-07,4.8138609327744e-06
"chr18",59256543,59256943,5.1613270264016,3.13259504801619,5.67874217443552,-3.39616882785267,2.50649034285366e-07,5.25609140317207e-06
"chr18",3384886,3385286,8.61654403784154,9.46344656563046,7.73725982025008,1.33356273828565,2.58879710957277e-07,5.38817547656601e-06
"chr18",13608656,13609056,4.90533667784061,2.54465446447298,5.45147496723372,-5.90677787508223,2.84046324590815e-07,5.86818666136135e-06
"chr18",33522656,33523056,5.68044401362571,5.47270308893169,5.78697072108931,-3.0406997219393,2.87785409619994e-07,5.90171696639826e-06
"chr18",10893177,10893577,8.33131088011413,7.80762115159178,8.56267969052251,-1.32727196324883,2.9768154341632e-07,6.06010090940231e-06
"chr18",70956010,70956410,5.54750717686423,4.57589069240998,5.90369324923889,-2.61114251993682,3.00928833414952e-07,6.08181533619058e-06
"chr18",64800882,64801282,6.2829690902771,6.10720252078164,6.37456003563126,-2.10601287329386,3.26696252983622e-07,6.55301663586489e-06
"chr18",64737281,64737681,4.66375744740897,1.10144825165837,5.27072634527805,-5.89425757996422,3.28943108290098e-07,6.55301663586489e-06
"chr18",52609797,52610197,5.03558960861174,3.64968949169503,5.47150728637011,-5.81329778757176,3.66487977956317e-07,7.2491841880863e-06
"chr18",7929257,7929657,4.28091964915242,0,4.93299634573212,-5.83701129578492,4.46361983896019e-07,8.76692657102816e-06
"chr18",19033522,19033922,4.10365087697918,0,4.73707295864138,-5.85510120853836,4.58458208054299e-07,8.92145677372092e-06
"chr18",13570093,13570493,5.98200918426164,4.232715856046,6.46893831638918,-2.31956283419984,4.60627384516247e-07,8.92145677372092e-06
"chr18",25479890,25480290,8.03464489248631,7.66600960217194,8.20949700945059,-1.27699268549241,4.69891855598446e-07,9.0381267949246e-06
"chr18",37103234,37103634,10.2405259388406,10.0749176605727,10.3272689207279,-1.37070803041083,5.18606974606685e-07,9.906814056014e-06
"chr18",65264973,65265373,4.47964803716957,3.33504319286781,4.87247504463023,-5.78532350174623,5.25368597420209e-07,9.96770760683649e-06
"chr18",41363527,41363927,4.99241404474611,3.45475681836402,5.45142930415075,-3.19032431738503,5.44607063354532e-07,1.02628993222689e-05
"chr18",74398791,74399191,11.1372570674542,10.5419332954161,11.3920957866121,-1.42169567171478,6.32515266815295e-07,1.1839497175489e-05
"chr18",33434074,33434474,6.07199606074982,5.0782842953909,6.43316502470988,-1.82981439906981,6.69111054494625e-07,1.24410048732367e-05
"chr18",24352675,24353075,7.9926184510902,7.21263019875516,8.30138102641074,-1.50933016778139,7.0072426316532e-07,1.29425163574045e-05
"chr18",6731169,6731569,4.08431359227267,5.50131422772656,0,5.72419254713203,7.16361498964279e-07,1.30911488063923e-05
"chr18",23291980,23292380,4.25835901698152,2.29388462905803,4.7693310366409,-5.75445000326026,7.18159113437798e-07,1.30911488063923e-05
"chr18",59459314,59459714,5.7838291559612,2.68752331234071,6.37322112533337,-5.62044582738362,7.9317437182226e-07,1.43170321321892e-05
"chr18",19807802,19808202,5.23128434696429,4.50215882453335,5.52607053219647,-3.28492948209038,7.95675862491688e-07,1.43170321321892e-05
"chr18",37111915,37112315,4.61067110371413,3.51799965799161,4.9930507325608,-3.86941224725015,8.52325858253805e-07,1.52095481560524e-05
"chr18",68085045,68085445,6.32982158664262,5.27329771532778,6.70465735628324,-2.70444675670154,8.56184675690295e-07,1.52095481560524e-05
"chr18",2340350,2340750,4.55612992065142,3.51396400673215,4.92790516566299,-4.29812546617092,8.76944917752011e-07,1.54797428836099e-05
"chr18",3236439,3236839,7.52413659022397,6.74395746324449,7.83295044307342,-1.56572549181695,8.92346469815044e-07,1.56525427944287e-05
"chr18",30349863,30350263,5.50135532627831,3.695509440124,5.99499487610087,-2.66613525806825,9.28623958275618e-07,1.61315975058007e-05
"chr18",20011493,20011893,4.00205514476635,2.29242287930848,4.48409916408681,-5.78176104604845,9.36309540365785e-07,1.61315975058007e-05
"chr18",60822826,60823226,7.49734804996979,4.56448278127586,8.07903439187803,-2.08493600132686,9.37009249171645e-07,1.61315975058007e-05
"chr18",26037673,26038073,4.59355635571356,3.25226936471234,5.02213160493956,-5.68121215821835,1.01176252271272e-06,1.73116912628575e-05
"chr18",46474707,46475107,6.36386922925303,5.16940937826394,6.76631075161851,-2.00516090853493,1.04267054143843e-06,1.77317569516573e-05
"chr18",55250916,55251316,5.06769020733399,0.897643953212581,5.69032562596922,-5.52124491040423,1.1280974471532e-06,1.90682653340017e-05
"chr18",45669212,45669612,4.90871910752439,4.68891280685572,5.02075711781738,-5.60385862248376,1.13497223488891e-06,1.90689009825612e-05
"chr18",2755714,2756114,5.61041109607468,4.67103170042282,5.95915687673144,-2.11576078247404,1.19935402212507e-06,2.00299303455498e-05
"chr18",47249948,47250348,6.58134219434396,5.06342366668136,7.03750889488911,-1.90981259985528,1.31856631967131e-06,2.17867706855644e-05
"chr18",20543973,20544373,5.83195600166861,3.04941775766753,6.4056984831786,-2.90036602101469,1.32017362705643e-06,2.17867706855644e-05
"chr18",29359285,29359685,4.6375933809859,5.22885369795695,4.14457270443886,5.48468773123099,1.39413945420695e-06,2.28720878693129e-05
"chr18",52284345,52284745,6.9046971511091,7.88692872890452,5.72864434800559,2.62844166071761,1.51858528019676e-06,2.47680371138524e-05
"chr18",37139511,37139911,4.36973686334633,5.63794174794656,2.01184591629504,3.60526515189234,1.54895330917137e-06,2.51164580190637e-05
"chr18",55687817,55688217,7.91158619856855,7.66675245890209,8.03484521211154,-1.59074450879958,1.68613305855356e-06,2.71828040480108e-05
"chr18",55758397,55758797,6.65758613095783,6.54414850200643,6.71861547263473,-3.20049687762817,1.71926412630694e-06,2.74107254469508e-05
"chr18",74409326,74409726,4.41881478588251,2.20961141623756,4.95273194858238,-2.90164075021892,1.71992719728089e-06,2.74107254469508e-05
"chr18",33514040,33514440,4.66885021422707,3.47743247472114,5.07071634113386,-3.81667403683414,1.79785069740853e-06,2.84215515650656e-05
"chr18",42378614,42379014,5.83516496384312,4.91371725988207,6.17968253072735,-3.25154581679839,1.80373417964023e-06,2.84215515650656e-05
"chr18",48782147,48782547,6.07738863220214,5.4146436153395,6.35295747949556,-3.47578354715553,1.82843077359978e-06,2.86488394807291e-05
"chr18",18800788,18801188,5.18413152127876,2.65491442394779,5.74233887615675,-2.81042544317592,1.84063838486091e-06,2.86789969574139e-05
"chr18",41854698,41855098,6.20106294265044,3.37436934090671,6.77722985683989,-5.41295688071197,1.90189052615131e-06,2.94687370968667e-05
"chr18",47619846,47620246,5.2739213290885,6.4196807332275,3.57056569310032,2.45757251245351,1.93066267796467e-06,2.97492718720633e-05
"chr18",2189838,2190238,5.58604938305801,4.63989186995115,5.93637658968446,-2.55230926351264,2.00329611183249e-06,3.06988618456088e-05
"chr18",74536170,74536570,4.92773025319267,0,5.56827616843609,-4.48386151768355,2.13972441544495e-06,3.26103354900326e-05
"chr18",74292319,74292719,4.57964163400549,2.22162295513639,5.12557677581813,-2.86140423674118,2.15993220823937e-06,3.26553340760835e-05
"chr18",21913045,21913445,4.30467915781435,1.79830988412548,4.86133742487516,-4.12408640024604,2.16609422878288e-06,3.26553340760835e-05
"chr18",20795213,20795613,4.46252552567718,3.80912335673502,4.73529662464087,-2.99946591677111,2.18733865917716e-06,3.2798320002393e-05
"chr18",26258225,26258625,4.06637348070079,3.09894185034932,4.42160520336363,-5.46501312654402,2.28349620542917e-06,3.40570637269624e-05
"chr18",6719434,6719834,6.07135838199688,7.22267520536721,4.3448919544965,2.66098369838239,2.36534413121141e-06,3.50901318188757e-05
"chr18",59318572,59318972,7.63823588647628,6.74747153960316,7.97536575284664,-1.57547496214591,2.38049923625825e-06,3.5128107777377e-05
"chr18",33694221,33694621,7.48748885166129,4.28866738656497,8.08126862315497,-4.35612546315118,2.48451404635644e-06,3.6470050922569e-05
"chr18",13431750,13432150,3.71861063468448,1.10478336093415,4.28233208275832,-5.44429942264574,2.51735782039241e-06,3.67586961312798e-05
"chr18",32408075,32408475,5.86094490507366,6.79027352811149,4.81165508121064,2.14412495242445,2.54621878760742e-06,3.69220081579917e-05
"chr18",9063862,9064262,4.06576940699878,2.63357595376541,4.5090322807539,-3.83180161196328,2.5550188506606e-06,3.69220081579917e-05
"chr18",48737935,48738335,4.74239019108167,2.38194893704904,5.28851011912618,-5.34057302218608,2.57602297111638e-06,3.70336498270288e-05
"chr18",10408915,10409315,7.03519029739561,7.9716145671076,5.96979148535533,1.8228695244265,2.70823150432215e-06,3.87346546951511e-05
"chr18",59824759,59825159,4.53669462952963,3.89538600322836,4.8058090957011,-3.65010758391405,2.79249976020964e-06,3.97361317919626e-05
"chr18",55333159,55333559,4.87847960735927,1.65709861513881,5.47318211003018,-3.87218430271226,2.84055542087797e-06,4.0214766846846e-05
"chr18",54910966,54911366,5.25010006637952,4.22989505456867,5.61712197756136,-3.87197426616163,2.92251149059695e-06,4.11660835720955e-05
"chr18",1241779,1242179,4.56104823845785,3.40629007537182,4.95586559808939,-3.23382824735141,3.01316812955839e-06,4.22297784589867e-05
"chr18",21631200,21631600,8.70650460715246,9.62086924665495,7.69035721239416,1.38565705444178,3.18201197623107e-06,4.43731570085422e-05
"chr18",26737062,26737462,4.91143973657163,4.26877393843821,5.18096655255814,-5.31657854765803,3.35043785012264e-06,4.64894087760798e-05
"chr18",19813105,19813505,4.9379847590926,2.62447209946446,5.48046496928525,-2.59401415094782,3.40926242784978e-06,4.7071450055807e-05
"chr18",531678,532078,4.92434429531458,4.87095486997246,4.95398827901841,-3.32475625292106,3.49792581188674e-06,4.80577097997641e-05
"chr18",77694577,77694977,6.31604748809775,5.34828212124686,6.67135544368997,-2.32727449641673,3.88499335908862e-06,5.31139533259713e-05
"chr18",55460861,55461261,10.5679853022302,10.018145350189,10.8081018292354,-1.38844089152052,4.35313047329436e-06,5.92238092195999e-05
"chr18",5635225,5635625,4.40538901582781,5.66349644108532,2.11680010474927,3.14574997544587,4.57406235668128e-06,6.19274753047772e-05
"chr18",74362337,74362737,4.01799866877603,0,4.66020757745129,-5.50995940754145,4.61396414664841e-06,6.21659227294802e-05
"chr18",14958697,14959097,5.83403813865407,5.32421423242163,6.06068183818318,-1.96679782420001,4.66890024692224e-06,6.26036672532026e-05
"chr18",20038145,20038545,4.71219711799092,3.9336420736636,5.02057439398519,-2.84691877502554,5.00503492337752e-06,6.67896765612435e-05
"chr18",33415371,33415771,7.0042588305536,6.45802757710506,7.24318072309199,-1.73047867010552,5.22265733776935e-06,6.93618634049463e-05
"chr18",13285117,13285517,4.53998450728883,1.68191425037583,5.11782728691671,-3.8623932325369,5.41764577196336e-06,7.16104931659043e-05
"chr18",13539942,13540342,9.8750463844652,8.50434310827158,10.3084925955411,-1.70717166844013,5.85155245119267e-06,7.69810367281904e-05
"chr18",9514076,9514476,6.2855552175409,7.22057355244937,5.22336888757723,1.86747599858475,6.39592841223613e-06,8.37476260174957e-05
"chr18",46509350,46509750,9.30192648285635,8.85782246798525,9.5053222792964,-1.32276286864299,6.42902423542259e-06,8.37876102457645e-05
"chr18",47688904,47689304,5.4304305072326,5.2123787311983,5.54167123832182,-2.13040307960743,6.48009007580778e-06,8.40603312624554e-05
"chr18",49013576,49013976,3.82222288143817,4.80724984034078,2.63901509516252,5.16837232919237,7.22196830687804e-06,9.3250322258717e-05
"chr18",25589528,25589928,3.75159534455857,0,4.37981887115145,-5.15679389586963,7.33602965725321e-06,9.4286574719259e-05
"chr18",9039469,9039869,4.17315471781499,5.19498849543028,2.89086991445675,5.17231755706604,8.104503562525e-06,0.000103685598329735
"chr18",832102,832502,3.49300740301263,0,4.14508409959232,-5.20613466788668,8.44970529126329e-06,0.000107608347293759
"chr18",54875298,54875698,5.33444902523743,4.19222981879481,5.72680594028326,-2.62736940953168,9.34672955969733e-06,0.000118491039736345
"chr18",8177591,8177991,4.79975122052017,5.93016676558966,3.15790855299336,3.30970332011741,9.39342276429242e-06,0.000118544145201862
"chr18",73514011,73514411,4.24353685237742,3.01285506407919,4.65271997143578,-3.42334434841271,9.94363137386219e-06,0.000124922468025683
"chr18",3706551,3706951,4.13934030893614,1.15743660141778,4.72343539356421,-3.75635080419582,1.00163819695206e-05,0.000125272149385619
"chr18",53982939,53983339,5.41621772398582,4.81832700590583,5.67186917192509,-2.04302849579794,1.07694451206089e-05,0.000134089207327582
"chr18",74801039,74801439,7.01095546164559,6.95164258631187,7.0437848918985,-1.51725072629033,1.10724575359128e-05,0.000137249262522937
"chr18",45678880,45679280,4.62433747876394,2.68752990186327,5.13243646471515,-2.66695701177386,1.13371677847295e-05,0.000139908676777038
"chr18",28901722,28902122,4.35506703378355,2.47152936011013,4.85745971660644,-2.69693215935669,1.18865485200101e-05,0.000146042219481534
"chr18",10579953,10580353,6.65989236049512,7.46962467210515,5.84836755649858,1.54898801320213,1.21001861502105e-05,0.000148014996372531
"chr18",41400334,41400734,6.02644198730402,4.06858800682228,6.53673204124798,-2.67159089364031,1.33707154612697e-05,0.000162842469089437
"chr18",24448918,24449318,4.71120008657047,5.86768365655129,2.96282836933279,4.87603662974559,1.35299364586512e-05,0.000164065186013818
"chr18",12751980,12752380,4.64699091990972,1.39318175283545,5.2429937758023,-3.3433771153692,1.48505909791604e-05,0.000179299992384755
"chr18",43992157,43992557,4.66881633078049,4.706750261565,4.64668339547366,-4.09862223940429,1.4944869124503e-05,0.000179464283261496
"chr18",65092942,65093342,4.09963881780584,2.22161385377637,4.60142753617734,-3.9081391221656,1.49928927930902e-05,0.000179464283261496
"chr18",26236993,26237393,4.9825022830217,1.75214254429673,5.57756787768967,-4.88195372605633,1.53868474712526e-05,0.000183392810244972
"chr18",13429668,13430068,4.15939317076205,0,4.78232072471671,-4.27467957514092,1.71807863941431e-05,0.000203903035120277
"chr18",2564539,2564939,3.36517294504336,0.286561024576604,3.95377411664618,-4.99039614459317,1.8174393978756e-05,0.000214781291554028
"chr18",31977550,31977950,5.7977168389161,6.38453702398154,5.31005762841842,-4.80542926071685,1.84836281514471e-05,0.000217514088246355
"chr18",3625638,3626038,3.48170795295607,0,4.13378464953577,-5.05065825191171,1.89630194743227e-05,0.000222217904680193
"chr18",20679630,20680030,7.66804478538135,7.44156718034175,7.78310149204366,-1.41497952015011,1.91859530234635e-05,0.000223889635909789
"chr18",24155357,24155757,9.52443341490854,9.47817662512709,9.55021487018547,0.991936783988714,1.93464818386317e-05,0.000224822241033099
"chr18",18845602,18846002,6.67571382882289,5.29028807590291,7.11155481727454,-1.8853751239829,2.02629209940472e-05,0.000234494965362646
"chr18",845207,845607,6.33898347893794,7.15640603406998,5.51383935643533,1.89182614696775,2.05189371713834e-05,0.000236476511450365
"chr18",43620188,43620588,5.5043612376996,3.79148368131597,5.98681067769052,-2.60599951423649,2.08735819603206e-05,0.000239573745215367
"chr18",38750245,38750645,5.54445468035913,6.35354465675928,4.73405838310133,2.95058140375718,2.12823935953041e-05,0.000243264736628292
"chr18",28972590,28972990,3.70648016084582,2.10311677002656,4.17466346806169,-4.85565835032011,2.14458259305292e-05,0.000244132279674473
"chr18",77541150,77541550,4.41997318876459,1.5573632816218,4.99805527370046,-3.08263733368631,2.27397696785706e-05,0.000257107598580345
"chr18",55688720,55689120,4.52544957044206,3.78713312605897,4.82280806402045,-4.81771051876163,2.28154115515394e-05,0.000257107598580345
"chr18",3411133,3411533,4.14760914798873,0.919154331562245,4.74259790576971,-4.05783243525687,2.28622031007263e-05,0.000257107598580345
"chr18",54795523,54795923,3.5656360871881,1.62135390486678,4.07451727297104,-4.84353202027513,2.37446165295325e-05,0.000265958777111913
"chr18",9701625,9702025,4.57598754152127,2.45078284349467,5.10250369926374,-3.17524648034161,2.38527074069671e-05,0.000266100803832125
"chr18",45576354,45576754,5.09050768575795,4.44840797366746,5.35986256917824,-2.58059249112865,2.43330443118442e-05,0.000270377930620452
"chr18",71301046,71301446,5.34633946013925,5.02555240881789,5.501990280426,-2.84879090707769,2.54255382378498e-05,0.000280809015331423
"chr18",5413407,5413807,5.09786948105776,1.99735556483941,5.6874480360929,-4.73136183520836,2.54731734954643e-05,0.000280809015331423
"chr18",63429765,63430165,5.59466186123812,4.9250759044037,5.87226438433085,-3.91944298497419,2.55845060768737e-05,0.000280925934836223
"chr18",41584998,41585398,3.45947942565833,0.602603350064134,4.03725912283111,-5.01718918987685,2.6211036176134e-05,0.000286676783902893
"chr18",20184356,20184756,6.29499932690923,5.57221987101341,6.58799711850396,-2.00134773534806,2.68761562040043e-05,0.000292803123644406
"chr18",61712053,61712453,4.96056264409068,5.09794196888309,4.87575653986955,-2.51668738490877,2.71321603296983e-05,0.000294442004511784
"chr18",20432088,20432488,4.99534287407828,4.5983912787126,5.1811468540257,4.85818623869767,2.73449489288502e-05,0.000295601017684354
"chr18",9642883,9643283,4.7969969685553,5.68032496574246,3.84622852247363,2.51577306117894,2.86510787759034e-05,0.000308524550988396
"chr18",21002786,21003186,4.68102934260152,3.0372054968061,5.15462647503149,-2.23313915535102,2.88607094386196e-05,0.000309461334379479
"chr18",42286520,42286920,3.64244864699072,0.8851643199387,4.21476889725875,-4.77393994481889,2.90065524983572e-05,0.000309461334379479
"chr18",48739031,48739431,4.50808358879756,2.94167045540517,4.97116980807294,-3.96617690032625,2.90709464350747e-05,0.000309461334379479
"chr18",52018602,52019002,4.40028938450817,2.00492805348772,4.94903615612073,-4.7826666705758,2.95453340238215e-05,0.000313315348260221
"chr18",59353666,59354066,4.38391113047117,3.16198158220774,4.79148362965244,-3.64969793801195,2.96585082279395e-05,0.000313324164574709
"chr18",48055166,48055566,4.53345863810118,5.35002403877278,3.7098425173953,3.90983261817333,2.99017301575706e-05,0.000314701605318734
"chr18",46330491,46330891,4.00531264302468,2.50674040412017,4.45864375878049,-3.2190319989184,3.00440054635301e-05,0.000315010267811224
"chr18",20981493,20981893,8.33363969182769,7.24042802498553,8.71613034058471,-1.42033582374474,3.11002754373587e-05,0.000324705547011894
"chr18",63243122,63243522,3.64934486399557,1.29534489925043,4.1949727337115,-4.84598662514471,3.12029314002001e-05,0.000324705547011894
"chr18",55464328,55464728,7.72935986642248,7.67996966871503,7.75684177890738,-1.43808931311291,3.13179606117603e-05,0.000324705547011894
"chr18",46547907,46548307,8.66642939728447,7.79509850768741,8.99877817531211,-1.08095159964865,3.16192229460054e-05,0.000326614862208922
"chr18",14928379,14928779,6.11677534441418,6.06756665721415,6.14415890901191,-1.79711947835231,3.29192113095565e-05,0.000338029704182738
"chr18",10856235,10856635,4.51538920184079,3.55593637365556,4.86879191883549,-3.26801628165782,3.29666832333111e-05,0.000338029704182738
"chr18",63489232,63489632,5.46984930972563,2.54784554943459,6.05099041560388,-2.43699369770745,3.39538311519397e-05,0.000346876318984468
"chr18",53054738,53055138,6.36688637693906,7.24103564232097,5.43464006520603,1.83290531114153,3.62691632703757e-05,0.00036917772394554
"chr18",55982225,55982625,3.41027407053518,0.877385380029636,3.96872792688706,-4.83569831240799,3.68851809603846e-05,0.000374082798903682
"chr18",2893098,2893498,3.92888154398787,1.53442104876429,4.47756140600487,-3.59159592165387,3.82755433685993e-05,0.000386777139329795
"chr18",10023962,10024362,6.36314973062335,7.53016730076935,4.56880622423112,1.69322656012771,4.02391521850064e-05,0.000405151608101021
"chr18",33409263,33409663,4.61503805823855,3.8861488461291,4.90975782909872,-2.37538398482441,4.3019635759698e-05,0.000431589079617977
"chr18",45048976,45049376,4.38292583235017,2.11624101144193,4.92164455231066,-3.56038226347919,4.43098564874017e-05,0.000442939748184098
"chr18",62407963,62408363,4.64283731834123,0.873480124453744,5.2559190647218,-4.59597079428847,4.60769868471793e-05,0.000458959701131368
"chr18",42117523,42117923,5.30977603027449,6.20735524651955,4.32952889081863,2.11005497261136,4.67511661556195e-05,0.000464017802163782
"chr18",6509806,6510206,6.21046051363525,7.04617183195401,5.35209989975863,1.45727105995653,4.77246181434923e-05,0.000471999858163829
"chr18",21198777,21199177,3.47309033620234,0,4.09396243252879,-4.15795932686934,4.84991919513924e-05,0.000477965534814252
"chr18",46577742,46578142,5.38187867647519,4.07016171257002,5.80543922572541,-4.6029836580048,4.87680102323703e-05,0.000478922466683383
"chr18",55466138,55466538,5.86766856231778,5.05497034866431,6.1850943048742,-2.65307542258107,4.90005775572701e-05,0.000479517932656934
"chr18",7757228,7757628,4.93830566574531,6.06054758978838,3.32793569303993,2.24735001093768,4.95650805842331e-05,0.000483346187935057
"chr18",71909938,71910338,6.60833664966276,4.81344373846625,7.10069940279539,-1.53267925266388,4.98531355532993e-05,0.000484461306822828
"chr18",72229262,72229662,6.02068420866575,5.61615507735081,6.2093688311062,-1.86710823121701,5.00341360403884e-05,0.000484531963252233
"chr18",77173871,77174271,6.50439249657534,5.41198927951579,6.88671698359007,-1.75973351320253,5.06532446780549e-05,0.000488830101754654
"chr18",22693745,22694145,4.65449474078349,2.68195191292984,5.16629323529214,-4.55198715415252,5.23466620202953e-05,0.000503430484050358
"chr18",36520389,36520789,4.87837527371795,0,5.51957765421621,-4.55504398102584,5.51195702864829e-05,0.000528276568828182
"chr18",52615610,52616010,5.56338005920552,5.9864006733402,5.25097138899365,2.00867307614699,5.60164495796357e-05,0.000535033828347959
"chr18",53938923,53939323,4.27203193488817,2.57508253905746,4.75248165628231,-3.07158692954424,5.70317818549021e-05,0.000542872490079597
"chr18",39425423,39425823,5.35187896161142,6.00529910003283,4.7797700328217,2.12300606061168,5.82606185329739e-05,0.000552683214586613
"chr18",20206742,20207142,4.6752454859802,4.76605025074527,4.62066991350719,4.51658282997999,5.87104202146583e-05,0.000555062243995532
"chr18",20014001,20014401,4.89728904766734,1.65709861513881,5.49274949956047,-3.15261948078463,6.04404353844725e-05,0.000569487750970587
"chr18",2894639,2895039,5.92404116088504,6.69002728216308,5.18634446969005,1.83627082125687,6.09363551757541e-05,0.00057222725449555
"chr18",47685298,47685698,6.81593999365489,6.5998460513172,6.92628939233698,-1.3173028479367,6.34427861828985e-05,0.000593764868000349
"chr18",69498321,69498721,6.2545883772297,7.18598006867883,5.20064150863445,2.01744097332736,6.48772473409506e-05,0.000604358301679909
"chr18",34158819,34159219,4.12773210460335,2.20631640558793,4.63420619045421,-4.51603143677025,6.50080640028586e-05,0.000604358301679909
"chr18",3595840,3596240,8.16451817996758,8.44168460420936,7.97839468535876,-1.27982557048067,6.52982841333082e-05,0.000605039582883045
"chr18",20965100,20965500,3.67973077943147,1.61435097419584,4.20068188325003,-4.53984436683333,6.72687017521867e-05,0.000620241247954283
"chr18",48013691,48014091,4.30082374600861,5.18041556609443,3.35763764358799,3.74084597498901,6.75531584911585e-05,0.000620241247954283
"chr18",21575370,21575770,5.67785209225452,6.8753737108421,3.73933107643813,1.98106491108641,6.77195371997983e-05,0.000620241247954283
"chr18",24344587,24344987,8.41343157552732,7.88920335887551,8.64498266396847,-1.24983447596653,6.78284620387437e-05,0.000620241247954283
"chr18",18761958,18762358,3.54689394154023,0,4.18527406356922,-4.55905104605355,6.83848084312724e-05,0.000623285067695486
"chr18",50269615,50270015,7.3644630743769,5.42852996338038,7.87247025665356,-3.0109539795673,6.91075396665331e-05,0.000625523081894488
"chr18",14970137,14970537,3.07374584721054,0.304075616631416,3.64676692374942,-4.65536029420477,6.93690327534382e-05,0.000625523081894488
"chr18",7637277,7637677,4.83738112459272,5.9442636336746,3.28390091188053,3.32356813037278,6.93773969681717e-05,0.000625523081894488
"chr18",70727558,70727958,5.614691524999,4.32668592694468,6.03414303708109,-2.58393242353972,6.95274849004271e-05,0.000625523081894488
"chr18",10129030,10129430,4.37562627745186,3.89371112681645,4.59257225170027,-2.67657854315525,7.02047375159818e-05,0.000629585250585445
"chr18",42121007,42121407,4.48025394206636,5.43191036788181,3.37937740207779,3.10875661029432,7.09102908179445e-05,0.000631264438566983
"chr18",74106689,74107089,5.03680505944379,4.0966308280935,5.38573676064654,-2.01985279723307,7.09934382356532e-05,0.000631264438566983
"chr18",46121189,46121589,6.42032819584079,4.63814021716191,6.91119629594729,-1.61720214383805,7.10710052743036e-05,0.000631264438566983
"chr18",54041284,54041684,4.32987573142138,5.34409991128715,3.06885192252001,4.4479644285899,7.20841609618965e-05,0.000638230872770569
"chr18",45550073,45550473,5.57222512765106,5.21087948641861,5.74420916077004,-1.94964317386492,7.33437869990312e-05,0.000646150000383708
"chr18",14975770,14976170,4.79747515486115,2.66659576217869,5.324506215793,-2.39534278881601,7.34419326359396e-05,0.000646150000383708
"chr18",42538354,42538754,4.7669177872252,5.84984537466905,3.29680504424633,2.47066184661699,7.47021928566067e-05,0.000655171119110302
"chr18",64227361,64227761,4.13365217281225,1.93397992003899,4.66675293658629,-2.90104850718379,7.53049035272296e-05,0.000658386758424588
"chr18",74805236,74805636,5.85476306134278,4.90256166284047,6.20649268411413,-1.67946039158118,7.59556634739593e-05,0.000662001079465226
"chr18",64527919,64528319,3.75094777559449,1.17414139355895,4.31229887524984,-3.36379557098862,7.6625598071429e-05,0.000665759479816871
"chr18",5787905,5788305,6.23073103621034,5.37998873521254,6.55792606951091,-1.47115602909628,7.86173302147279e-05,0.000680943273195267
"chr18",26738025,26738425,4.07934659153439,2.20828795803161,4.58036841631529,-3.73641369533428,7.91689121046782e-05,0.000683597819999837
"chr18",67439900,67440300,5.84654533776367,2.53603344202426,6.44475020158187,-4.41771529743558,8.18554173656463e-05,0.0007046134538049
"chr18",30018139,30018539,3.14688015142676,0,3.74304260848767,-4.58363707991072,8.5152005519646e-05,0.00072967163190191
"chr18",7946149,7946549,4.17742244110624,4.98769462378065,3.3649480753829,3.07333751802835,8.52896923628622e-05,0.00072967163190191
"chr18",55747734,55748134,5.49763143623138,5.57477343633022,5.45162464754635,-2.64493891976318,9.07957044180338e-05,0.000774401283247389
"chr18",33928845,33929245,3.94340465123053,0,4.56247554464165,-4.23721374961879,9.57772635742443e-05,0.000814398744233437
"chr18",73879319,73879719,4.31178513294963,4.1579419774634,4.39284979908338,-3.20576963324381,9.80866612244205e-05,0.000831500602294556
"chr18",63259714,63260114,4.06179002869559,1.1081107781443,4.64450924412672,-4.41352612636852,9.85842277163779e-05,0.000833186094245388
"chr18",55755245,55755645,7.23126300618984,7.97931664871416,6.52215860365815,-1.33714029272724,9.93555040326236e-05,0.000834938733674016
"chr18",47257267,47257667,6.10035374901768,6.26819503275531,5.9948793579207,-1.77458761747305,9.93903404732066e-05,0.000834938733674016
"chr18",60302142,60302542,4.73635566815764,3.83869405724722,5.07516323930481,-2.02235312624061,0.000102587389700824,0.000859207897524318
"chr18",18783117,18783517,4.04516148872852,4.77439510440835,3.36509880433144,3.01817467711589,0.000104587093868759,0.000871999396805446
"chr18",9756253,9756653,3.70147073500533,0,4.35354743158502,-4.38957359931489,0.000105040579343215,0.000871999396805446
"chr18",70299631,70300031,3.55035415419361,2.93674699016156,3.81094038577138,-4.44421593976957,0.000105052634394632,0.000871999396805446
"chr18",6569817,6570217,3.73050481844959,4.91916656602087,1.83568616608369,3.40180801648656,0.000105740159356374,0.000875101793605126
"chr18",13446027,13446427,4.50813402164559,1.98050245086514,5.06623472113035,-2.53539136578001,0.00010845116922353,0.000894882576817828
"chr18",64098394,64098794,4.00886269141929,2.19227638571384,4.50374379814599,-4.38811153751352,0.000108942146551,0.000896282143748492
"chr18",1618144,1618544,5.31385402665291,6.19127356995618,4.37504920824495,1.6286837007541,0.000111592017978629,0.000915382759242345
"chr18",67794615,67795015,4.24822127147017,3.08080482348393,4.64549670087869,-2.76421520410556,0.000112812245110203,0.000922678450476118
"chr18",13394888,13395288,6.95190028604025,5.80898495080748,7.34439447014894,-1.69536095355532,0.000113824425788808,0.000928234864108142
"chr18",43752599,43752999,5.2570247285568,5.54006617913521,5.06625587240772,2.09540514716486,0.000118804648787865,0.000966023806033108
"chr18",27102926,27103326,3.76120755383751,4.01879723269755,3.59032205254948,-4.39361411924907,0.000119631843491825,0.000969922126449708
"chr18",71863374,71863774,3.36522325956563,0,3.96937078327799,-4.38780155663068,0.000120731560870967,0.000976000937011961
"chr18",22379779,22380179,3.81185964810719,3.97986189382699,3.7062740832129,4.31275518466001,0.000127316232089073,0.00102625714247522
"chr18",63748472,63748872,4.10728854367017,2.23455435894478,4.60849519838109,-3.05318296274626,0.000129603810444632,0.00104168595772357
"chr18",74967416,74967816,6.09649805480513,5.88859595863704,6.20309882687851,-1.47483972972203,0.000136015361989002,0.00108808613602324
"chr18",33547855,33548255,6.3919577857153,6.44402638919256,6.36133821405972,-1.5273016510706,0.000136157067576949,0.00108808613602324
"chr18",68007256,68007656,4.43482500302114,2.56505626753904,4.9357043767825,-3.01508370506582,0.000138716606688861,0.00110355416474576
"chr18",65021464,65021864,4.23147638922156,1.15934884183979,4.81978520673807,-3.54852528830389,0.00013911152702739,0.00110355416474576
"chr18",72410964,72411364,3.86536443138598,3.24170440784543,4.12907035165321,-4.35954568544673,0.000139279693793656,0.00110355416474576
"chr18",34493714,34494114,3.34442042580754,0,3.94865561235474,-4.37693583069641,0.000139874194560236,0.00110512501027904
"chr18",57650884,57651284,5.94838221690852,5.28774481362743,6.22332198653183,-1.62257641383125,0.000141266160795407,0.00111296983745308
"chr18",24084838,24085238,3.65766977446763,4.5104045152914,2.76729442773646,4.28556745088729,0.000145397004983414,0.00113800129816407
"chr18",52016351,52016751,3.66787933683735,2.28949492912381,4.10257851546385,-4.2954003470409,0.000145782024515278,0.00113800129816407
"chr18",32091820,32092220,5.3246676865359,5.88316064765114,4.87037629056802,2.14064234158627,0.000145971933830668,0.00113800129816407
"chr18",25289249,25289649,6.87636384580361,2.98835559394286,7.49256291894382,-4.30735569615892,0.000146075462439131,0.00113800129816407
"chr18",23463022,23463422,5.134987447634,5.78115059993493,4.57251893077658,2.16468342258241,0.000150464947363451,0.00116893241837511
"chr18",60892950,60893350,8.06541841096867,2.81958755673988,8.70360266052018,-1.93173563090999,0.000154619588757799,0.00119690326660032
"chr18",36434898,36435298,4.70051516818279,1.61435097419584,5.28945511473904,-4.24660120836608,0.000155287787898824,0.00119690326660032
"chr18",12882888,12883288,5.08271104233887,3.92472903828552,5.47815687566426,-1.9392883538839,0.00015535280835759,0.00119690326660032
"chr18",62715270,62715670,4.51053789916914,2.47012682065986,5.02909061358389,-4.24792649224853,0.000160296420124918,0.00123158874856307
"chr18",14787632,14788032,4.93043826228521,3.93470359629363,5.29205877469291,-4.2025394651857,0.000163102341508295,0.00124970447930394
"chr18",43367071,43367471,4.40275069287864,3.92278176556776,4.61901090634456,-2.88859359678685,0.000168648003208908,0.00128656629329032
"chr18",41544588,41544988,5.37251600959029,2.75020474121505,5.9367716136683,-2.24374126341057,0.000168835877857389,0.00128656629329032
"chr18",2207233,2207633,4.1363974266474,2.08388492269815,4.65611823459881,-2.71322026574008,0.000177229089907072,0.00134351495335159
"chr18",22748566,22748966,8.70439109199745,8.72805696625656,8.69069136778279,1.03535995030833,0.000177343551263906,0.00134351495335159
"chr18",72213936,72214336,6.20247197535642,5.24455281560784,6.55552169737661,-1.53325158525007,0.000177754398632749,0.00134351495335159
"chr18",19019387,19019787,6.14981700237823,5.89711224844701,6.27654721044702,1.45835199166616,0.000183217110739537,0.00138106086987181
"chr18",33087621,33088021,5.65646240047435,4.3161900906967,6.08486755597704,-1.69619734265255,0.00018486490954509,0.00138972569466646
"chr18",924925,925325,4.10717699271761,5.13193554264841,2.81660609830217,2.42349893847347,0.000192059198005733,0.00143992769687632
"chr18",39074394,39074794,5.56662218457392,6.40897316208093,4.69590401356392,2.18370366587547,0.00019266767146023,0.0014404329592111
"chr18",42053739,42054139,6.44963380970338,5.35618112379204,6.83217397370916,-2.32863163684357,0.000193159529130496,0.0014404329592111
"chr18",70831788,70832188,3.18643428530158,1.29534489925043,3.68965017829151,-4.33469159891684,0.000195691287082901,0.00145511319881806
"chr18",52528127,52528527,3.52285665208244,0.29242287930848,4.11792523085533,-4.20393965537485,0.000196171589370954,0.00145511319881806
"chr18",77735964,77736364,3.12684884783835,0.286561024576604,3.70374656226369,-4.32057481564562,0.000199124542922145,0.0014730990721747
"chr18",12624892,12625292,4.73304740380469,3.42434815829389,5.15608938898821,-2.02140860726871,0.000201773569192842,0.00148874731343607
"chr18",64306080,64306480,3.88735246927255,3.15080726369817,4.18421686741709,-4.16389863087652,0.000206501869590872,0.00151961402187056
"chr18",24060782,24061182,3.02660742454938,4.23191073028109,1.04834731065369,4.3054546369186,0.000209754405307647,0.00153948693790271
"chr18",47182492,47182892,6.3228867873256,5.40476869405638,6.66661206747055,-1.57599671987689,0.000216871977146565,0.00158328281338377
"chr18",13230684,13231084,3.70212822124383,1.93362077510868,4.1913703519972,-2.83752590477964,0.000216958793165727,0.00158328281338377
"chr18",22619903,22620303,5.62375709596163,4.68491380696012,5.9723774041593,-2.12941235989418,0.000217674423839513,0.00158328281338377
"chr18",18658446,18658846,4.63039290090106,3.27814485957186,5.06079670706662,-2.03019983015826,0.000217992327120605,0.00158328281338377
"chr18",35707663,35708063,5.85504391554481,2.37919732551136,6.459180001583,-4.10442102607815,0.000225365837461074,0.00162845867731336
"chr18",13723978,13724378,3.26440727851434,1.1081107781443,3.79371770585972,-4.32933860158766,0.000225380082267106,0.00162845867731336
"chr18",8792947,8793347,3.89799694208019,0.654644676177001,4.49358379777019,-3.98357917622542,0.000239047688876357,0.00172274936505468
"chr18",28877202,28877602,4.78026395091252,3.391129923572,5.21670366760772,-1.89347110831062,0.00023985520884823,0.00172329510570849
"chr18",77733385,77733785,4.89202741238315,0.8851643199387,5.51109646400835,-4.09118503861224,0.000240359195453783,0.00172329510570849
"chr18",9613510,9613910,6.73757263653624,5.9607759033471,7.04547654946128,-1.40330211672103,0.000244562843506291,0.00174893787317704
"chr18",39341602,39342002,4.38780980595997,5.55919779672985,2.57385301046654,2.54153326008188,0.000253728471961437,0.00180984324373516
"chr18",60499484,60499884,4.45056709780669,3.83822659329276,4.71075822346041,-2.35648880653411,0.000254446566735522,0.00181033539445248
"chr18",38390334,38390734,4.7932931089894,4.66862772198638,4.85997436252065,-3.98250417224639,0.000256352324199917,0.00181925351703198
"chr18",59490763,59491163,5.4795061047503,3.02010766744752,6.03289617732063,-2.76602629322373,0.000257976869954264,0.00182613576218894
"chr18",2528878,2529278,7.45859620606616,3.36395559983027,8.07963477395286,-1.67530476180511,0.000260133114107991,0.00183673735505617
"chr18",43418608,43419008,4.36986020202028,3.52966808575446,4.6943784144305,-2.52238245705746,0.000261600231660738,0.0018424319346005
"chr18",32509133,32509533,7.0789041181398,6.14572987469182,7.42619409288321,-1.08878080529843,0.000264602108779255,0.00185887980197819
"chr18",21512339,21512739,3.58238816411568,1.91415328872024,4.05916943853752,-3.21810590865899,0.000270372471994759,0.00189464528742056
"chr18",33268735,33269135,5.81943814767034,4.82168444236529,6.18150857512939,-1.49403898487784,0.000273449198061182,0.00191140304108431
"chr18",69433158,69433558,5.24750962129115,0,5.89958631787084,-4.04776193949713,0.000276074641930503,0.00192493044086043
"chr18",74758390,74758790,3.48763513112757,0.624310224098306,4.0657548347088,-4.05644627758552,0.000279564537608862,0.00194423905101365
"chr18",42356566,42356966,5.00359244993642,1.1081107781443,5.6199792070547,-4.04444668979234,0.000280540666259334,0.00194423905101365
"chr18",35917268,35917668,3.40238249516265,2.74866007557754,3.67524988460198,-4.09514475306612,0.000280935223219255,0.00194423905101365
"chr18",74285241,74285641,5.08761870927529,3.82237036426775,5.50305119756782,-1.74388582373677,0.000281770907140817,0.00194519569310827
"chr18",74550210,74550610,4.24842556599203,3.31934453814846,4.59475097941324,-2.12616206060004,0.000285883139342365,0.00196871129784162
"chr18",499369,499769,8.58200349854764,8.07873799682319,8.8063909420519,-1.22469677900916,0.000297281262487681,0.00204216118492153
"chr18",50551645,50552045,4.41764337248217,4.01658563852091,4.60501091547482,-4.04698266276416,0.000298871275645925,0.00204486111018739
"chr18",38448094,38448494,3.79604938511789,0.912944899478691,4.3752020206879,-4.13344484908644,0.000299140671551257,0.00204486111018739
"chr18",76534095,76534495,5.47864067421708,5.52783043324913,5.44976041144723,-1.77488668775834,0.000306028254544322,0.00208682836656263
"chr18",55029874,55030274,3.27099228917534,2.93861715830335,3.4313756658917,-4.08091611400121,0.00031006189466173,0.00210917713222333
"chr18",63637588,63637988,4.0384348982264,2.63977735851465,4.47640409481616,-3.11081650168089,0.00031161404188504,0.00211457801172111
"chr18",59559098,59559498,3.71534658867209,0,4.34003749236581,-3.49237037344736,0.000321223993918169,0.00217449931805285
"chr18",55744549,55744949,6.15215363307799,5.09146120632112,6.52787107128349,-3.36658590927812,0.000325671865662826,0.00219927078289013
"chr18",28775044,28775444,3.4690429614992,0.612009089623163,4.04683099739021,-4.11944400222217,0.000326969582962278,0.00220270088618791
"chr18",341493,341893,3.1471443935744,1.99016008529138,3.54239590975014,-4.07733694931025,0.000332088561730087,0.00223179517750654
"chr18",13619083,13619483,5.57391617304669,4.51427286092227,5.94941200923399,-1.47351784787433,0.000334602053865695,0.00224328155824862
"chr18",68164154,68164554,5.46387749361985,6.27160027995881,4.65587858327837,-2.4427056196247,0.000340789911096577,0.00227928791858118
"chr18",64798726,64799126,3.9370252017089,3.20076868167655,4.23380899609718,-3.47773581007023,0.000342793743106664,0.00228720514240308
"chr18",23655402,23655802,3.99732167623962,3.30964546302744,4.28024226657868,-3.10285477273746,0.00034389921512346,0.00228910479947334
"chr18",7064263,7064663,4.6036269732482,5.63690655938992,3.28854256452988,2.2624825136577,0.00035044873016536,0.00232714644864569
"chr18",21936067,21936467,3.80597590878062,2.48369324059264,4.23134208773758,-3.00950848448243,0.000359957830908841,0.00238461375393054
"chr18",54810545,54810945,4.18117382902582,4.46482724474462,3.98991914214198,-3.86844181482697,0.000361385829130611,0.00238840065745325
"chr18",76574575,76574975,4.56225158548664,5.10024388076489,4.13124203514835,-3.89881195475332,0.00036344899838637,0.00239635758037727
"chr18",31991918,31992318,3.14642451524863,1.87933405075728,3.56218511226681,-4.03397720690872,0.000372634081761605,0.00245112371234226
"chr18",55436103,55436503,3.81954080887634,1.61902336956551,4.35271420493978,-3.96985619213193,0.000373793133584828,0.00245296246957196
"chr18",31251412,31251812,4.02811802959759,1.46364728698087,4.58866481982208,-3.95820591489322,0.000376048308176115,0.00246196885329386
"chr18",42497975,42498375,8.94013330397322,8.19902256346175,9.238269704321,-1.06606970378142,0.000378657716464206,0.00247324677100391
"chr18",311744,312144,3.99636647369786,4.59753591489111,3.49124788861932,-3.94771513361745,0.000381974330301975,0.00248908039068273
"chr18",10062135,10062535,7.15310524391803,7.84931617237175,6.52176177478553,1.16965926825894,0.000387707074585826,0.0025166613991459
"chr18",76652781,76653181,5.46074891301811,6.32904509526694,4.54013030343778,1.5641350055244,0.000388011617652469,0.0025166613991459
"chr18",60024976,60025376,4.10640234055312,1.86606752473037,4.64294569855374,-2.25403923908021,0.000398316919074985,0.00257750785916504
"chr18",19858092,19858492,3.82177290288744,4.6953699146242,2.89062973113719,2.76206428036875,0.000401253532606622,0.00259050023712933
"chr18",42465493,42465893,4.31452737392163,4.38459020232558,4.27290882276791,-2.98550112714641,0.000405426036312951,0.00261139310687487
"chr18",32502637,32503037,4.29748981257543,1.96349966133028,4.84157392993692,-2.36501528924427,0.000411920448725296,0.00264711090206187
"chr18",44002940,44003340,3.18606352371457,1.87738538002964,3.60910187828764,-4.01952382926354,0.000425168299463477,0.00272596410851411
"chr18",45633674,45634074,5.28180616489559,5.51748260158697,5.12754916577806,-1.79341141966467,0.000430228188109129,0.00275030685788709
"chr18",20068085,20068485,3.89347299321984,0,4.51219242544193,-3.82327610246915,0.000430937288238315,0.00275030685788709
"chr18",5293446,5293846,3.27751134663975,0.877385380029636,3.82661126619898,-3.95603833331872,0.000449865230904532,0.00286156795875513
"chr18",39083116,39083516,5.97308002810614,5.95095017793403,5.98557489935705,3.80505619991046,0.000450422493328613,0.00286156795875513
"chr18",10015398,10015798,5.67868973229921,6.60422410078376,4.63790853855762,1.58675492971686,0.000452526303430061,0.00286839968242373
"chr18",24993720,24994120,3.89360248293045,4.99635924767665,2.3549290919862,3.31005986431491,0.000459952026503104,0.00290493688145825
"chr18",25442281,25442681,4.09731937198246,3.12798403625678,4.45298565332612,-2.54382180834493,0.000460373647043581,0.00290493688145825
"chr18",25060823,25061223,4.68956622636176,4.75132258516397,4.65305248601538,-3.86610493029105,0.000465610369400278,0.00293134835272546
"chr18",56337145,56337545,4.03892852387954,4.2060995642252,3.93391683351352,3.83337937585926,0.000477162953810708,0.00299731414004069
"chr18",59549741,59550141,4.12116839703465,0,4.75341058877232,-3.29077625488926,0.000484721064488872,0.00303794842440329
"chr18",12599510,12599910,7.78964814592069,7.44664915538651,7.9543235742699,-1.06401799628732,0.000490450926343209,0.00306696778827626
"chr18",72673084,72673484,7.68934273310955,7.62377902652917,7.72551195089124,0.943036705087569,0.000495467488773784,0.00309140677000019
"chr18",74189032,74189432,3.1834664698336,0,3.83554316641329,-4.00017434901021,0.000497798128546229,0.00309901558150767
"chr18",31276775,31277175,5.38854287822032,4.26728651040081,5.77672874423095,-3.84691600373079,0.00049899787247158,0.00309956584927224
"chr18",57634266,57634666,4.18943616340267,3.21419450756445,4.54644620794464,-2.68692836397366,0.000511330409425653,0.00316911224864032
"chr18",652022,652422,5.22074588903742,3.72508857251669,5.67364597114235,-1.93985246679012,0.00052462824919936,0.00323808565808659
"chr18",73638184,73638584,2.97659326500998,3.79725180357651,2.14565767469311,3.98019579639818,0.000524781182307329,0.00323808565808659
"chr18",40614927,40615327,5.95733516633968,6.27137646965964,5.74148229561811,2.4028715770643,0.000528090093448909,0.00325130964818766
"chr18",24337204,24337604,7.3302195741039,7.09453918150592,7.44940735422335,1.43763042312997,0.000533704623324405,0.00327863919482768
"chr18",42526576,42526976,6.35287887967871,7.22628345938904,5.4221197983333,1.62122232916991,0.000543849549621381,0.00332830891866079
"chr18",59463412,59463812,4.57865705012964,1.61435097419584,5.1618976120979,-3.84215328232866,0.000544176718146046,0.00332830891866079
"chr18",30278333,30278733,4.36406383867375,1.79930559675433,4.92462945795767,-2.99921943601027,0.000552843455880205,0.00336672581734385
"chr18",76749991,76750391,4.63521699484181,2.99490489541813,5.10835102571025,-3.31776201200697,0.00055287214928056,0.00336672581734385
"chr18",6746540,6746940,4.49372857430039,5.58300806678607,3.00210796590979,2.39490304524513,0.000554153984469974,0.00336717965726962
"chr18",42722856,42723256,3.31456129847768,3.56049513141775,3.15257592290618,3.87272668118033,0.000565040809620495,0.00342586699572078
"chr18",42075151,42075551,3.034419470296,0,3.64641734475566,-4.03340948858247,0.000567302468691416,0.00343015989851861
"chr18",2185441,2185841,4.95733362486568,4.25564791516181,5.24431385605028,-1.65945879074133,0.000568208631450554,0.00343015989851861
"chr18",8320575,8320975,4.11096871343862,5.14741588920164,2.78662691913691,2.01674004126076,0.000575137905130367,0.00345742894243849
"chr18",20618711,20619111,4.85417511747399,5.8919085181113,3.52605142468462,2.04337431675034,0.000575205101933115,0.00345742894243849
"chr18",19044445,19044845,4.98520830010825,2.57881942214928,5.53477051643248,-2.87018433538622,0.000602114716807723,0.00361139343048761
"chr18",2171890,2172290,3.73110275457661,0,4.35733905039217,-3.77127625134806,0.000609896668330883,0.003650218472049
"chr18",10442313,10442713,4.83874881363886,5.53628379201463,4.20550433009018,2.19945873603025,0.000613540200866421,0.00366416192765835
"chr18",51616336,51616736,3.61928307920597,0.881280092934955,4.1904996071934,-3.79908883197784,0.000625642940558305,0.00372845760943828
"chr18",28849563,28849963,5.20083950353997,1.46624259365611,5.81295700520739,-3.74127804164322,0.000653429089815608,0.00388574356395678
"chr18",74785473,74785873,3.83173732673745,2.74671758609965,4.21253907099438,-2.26020278491721,0.000662936561717283,0.0039288076772481
"chr18",9329504,9329904,5.85979698617898,6.71868665577428,4.95757426457519,1.54403465187778,0.000663488137677968,0.0039288076772481
"chr18",42358652,42359052,6.76773236641539,6.516530982645,6.89380167967234,-1.55016853582717,0.000686969567242292,0.00405923331152278
"chr18",2303922,2304322,6.13425671299227,6.48934550311037,5.88363597499628,-1.28261315253791,0.000697917842862461,0.00411520690009176
"chr18",20702525,20702925,3.93962921134519,1.80790785702262,4.46673648110668,-2.60176395263862,0.000706241551486771,0.0041555014495709
"chr18",26889253,26889653,4.00068218462774,2.54666120502219,4.44731489872248,-3.61425900648389,0.000710687098278417,0.00417285540441791
"chr18",77272008,77272408,4.03670986887967,0.607313884992681,4.63925005142046,-4.1407026214919,0.000724325110353733,0.00424399733776588
"chr18",21506506,21506906,4.82004697087953,5.50911627767849,4.19888436801005,2.04114447702283,0.000730517204546368,0.00427130499681304
"chr18",41970031,41970431,4.57543347771919,0.298261012923226,5.20019591957265,-3.71158150067452,0.000746812371274639,0.00435744707842044
"chr18",41299346,41299746,3.63431866283372,3.00472170888867,3.89985365812755,-3.62661074386257,0.000750459857325244,0.00436958777052214
"chr18",42963205,42963605,4.15568168487603,3.10966089758348,4.52828226258149,-3.10453076003259,0.000760035584025428,0.00441449237243794
"chr18",70958053,70958453,3.27119058638689,1.10478336093415,3.80139563748154,-3.78961474407564,0.00076133769492386,0.00441449237243794
"chr18",30273989,30274389,3.33403618495847,1.60260335006413,3.81878407093251,-3.86624520767525,0.000769054119579899,0.0044436238499512
"chr18",64542299,64542699,4.9246789028203,3.90825929028371,5.29087254525208,-1.6820651692096,0.000770572132713057,0.0044436238499512
"chr18",25550331,25550731,3.67206987832648,4.50829591898059,2.81275707751535,2.95647560202443,0.000771141607521112,0.0044436238499512
"chr18",14842642,14843042,3.88460647788935,2.90478281260718,4.24265434834711,-2.59513644506174,0.000782397974686569,0.00449919165237287
"chr18",60925563,60925963,4.79674939709551,4.38580308408476,4.98785728415189,-3.56105242114715,0.000804956879080229,0.00461939246040073
"chr18",11320959,11321359,3.910652274123,4.95795557275182,2.55396606842942,2.57482570925739,0.000814398187205218,0.0046639764766229
"chr18",13418888,13419288,4.11713458091256,5.06503014668259,3.02513410654671,2.40663297961123,0.000817963005892605,0.00467479267097228
"chr18",395761,396161,6.7729381064737,8.06586582207907,4.2274249783903,1.43942397772383,0.000831519935474077,0.00474255439680409
"chr18",10140965,10141365,7.13390163472217,7.95435798793268,6.30332896027943,1.29127233994016,0.00084791162964518,0.00482617456138859
"chr18",56863619,56864019,5.94353714153211,6.24389838870066,5.73887404001313,1.89678781450161,0.000854334847975305,0.00485283073524058
"chr18",43751292,43751692,3.99191289679005,2.2048339753273,4.48335812689666,-2.13112507574144,0.000867652409044408,0.00491294095243412
"chr18",111395,111795,6.33733548738793,5.48700641077486,6.66442613731427,-1.30097217545004,0.000868440261581219,0.00491294095243412
"chr18",52570255,52570655,4.29204885608296,4.96016871042208,3.70006090759076,2.06513647460205,0.000870693182591094,0.00491571515434527
"chr18",74271138,74271538,3.75013960288879,0.386083944379856,4.35034292368435,-2.76945676066485,0.000881609661263255,0.00496729160659236
